6071	103	0.0169659034755	40	0.00658870037885	276	0.0454620326141
6106	109	0.0178512938094	38	0.00622338683262	265	0.0433999344907
6148	93	0.015126870527	65	0.0105725439167	261	0.0424528301887
6119	114	0.018630495179	32	0.00522961268181	239	0.0390586697173
6118	87	0.0142203334423	47	0.00768224910101	287	0.0469107551487
6154	104	0.0168995775106	52	0.00844978875528	277	0.0450113747156
6154	118	0.019174520637	31	0.00503737406565	258	0.0419239519012
6143	94	0.0153019697216	23	0.00374409897444	281	0.045743122253
6120	120	0.0196078431373	26	0.00424836601307	261	0.0426470588235
6142	108	0.0175838489092	45	0.00732660371215	290	0.0472158905894
6129	107	0.017457986621	36	0.00587371512482	262	0.0427475934084
6117	126	0.0205983325159	37	0.00604871669119	285	0.0465914664051
6171	138	0.0223626640739	40	0.00648193161562	255	0.0413223140496
6121	140	0.0228720797255	25	0.00408429995099	257	0.0419866034962
6090	107	0.0175697865353	39	0.0064039408867	270	0.0443349753695
6123	106	0.0173117752736	45	0.00734933855953	260	0.0424628450106
6139	141	0.0229679100831	53	0.00863332790357	225	0.0366509203453
6122	118	0.0192747468148	38	0.0062071218556	265	0.0432865076772
6084	99	0.0162721893491	33	0.00542406311637	260	0.042735042735
6094	113	0.0185428290121	21	0.00344601247128	259	0.0425008204792
6139	102	0.0166150838899	27	0.00439811044144	289	0.0470760710213
6092	109	0.0178923177938	25	0.00410374261326	257	0.0421864740643
6087	98	0.0160998850008	24	0.00394282897979	250	0.0410711352062
6113	79	0.0129232782594	22	0.00359888761655	290	0.0474398822182
6170	140	0.0226904376013	36	0.00583468395462	248	0.0401944894652
6092	106	0.0173998686802	42	0.00689428759028	247	0.040544977019
6119	96	0.0156888380454	42	0.00686386664488	269	0.0439614316065
6169	86	0.0139406710974	40	0.00648403306857	265	0.0429567190793
6114	137	0.0224075891397	33	0.0053974484789	264	0.0431795878312
6103	104	0.0170407996068	46	0.00753727674914	275	0.0450598066525
6175	114	0.0184615384615	63	0.0102024291498	268	0.0434008097166
6066	100	0.016485328058	17	0.00280250576986	275	0.0453346521596
6170	83	0.0134521880065	37	0.00599675850891	250	0.0405186385737
6135	112	0.0182559087205	53	0.00863895680522	251	0.040912795436
6149	106	0.0172385753781	27	0.00439095787933	256	0.0416327858188
6150	142	0.0230894308943	40	0.00650406504065	287	0.0466666666667
6127	78	0.0127305369675	43	0.00701811653338	259	0.0422719112127
6071	117	0.0192719486081	53	0.00873002800198	296	0.0487563828035
6068	130	0.0214238628873	44	0.00725115359262	259	0.0426829268293
6149	104	0.0169133192389	23	0.00374044560091	258	0.041958041958
6151	96	0.0156072183385	45	0.00731588359616	254	0.0412940985206
6212	133	0.0214101738571	50	0.00804893754024	218	0.0350933676755
6123	100	0.0163318634656	39	0.00636942675159	266	0.0434427568186
6101	100	0.0163907556138	38	0.00622848713326	247	0.0404851663662
6129	101	0.0164790341002	37	0.00603687387828	234	0.0381791483113
6195	103	0.0166263115416	43	0.00694108151735	268	0.0432606941082
6135	112	0.0182559087205	28	0.00456397718011	287	0.0467807660962
6117	106	0.0173287559261	39	0.00637567435017	250	0.0408697073729
6095	91	0.0149302707137	34	0.00557834290402	249	0.0408531583265
6148	117	0.0190305790501	25	0.00406636304489	250	0.0406636304489
6127	123	0.0200750775257	31	0.00505957238453	248	0.0404765790762
6070	97	0.0159802306425	43	0.00708401976936	253	0.0416803953871
6147	137	0.0222872946153	36	0.00585651537335	246	0.0400195217179
6058	108	0.0178276658963	60	0.0099042588313	257	0.0424232419941
6165	150	0.0243309002433	29	0.00470397404704	264	0.0428223844282
6107	88	0.014409693794	50	0.00818732601932	249	0.0407728835762
6131	104	0.0169629750449	29	0.00473006034905	280	0.0456695481977
6161	98	0.0159065086837	36	0.00584320727155	252	0.0409024509008
6119	95	0.0155254126491	36	0.00588331426704	257	0.0420003268508
6094	100	0.0164095831966	41	0.0067279291106	260	0.0426649163111
6109	119	0.0194794565395	37	0.00605663774759	259	0.0423964642331
6139	114	0.0185697996416	37	0.00602704023457	285	0.0464244991041
6172	96	0.0155541153597	40	0.00648088139987	284	0.0460142579391
6093	101	0.0165763991466	25	0.00410306909568	241	0.0395535860824
6098	147	0.024106264349	47	0.00770744506396	284	0.0465726467694
6108	132	0.0216110019646	50	0.00818598559267	290	0.0474787164375
6154	92	0.0149496262593	42	0.00682482937927	259	0.0420864478388
6122	97	0.015844495263	36	0.00588043123162	277	0.0452466514211
6092	100	0.0164149704531	31	0.00508864084045	264	0.0433355219961
6123	109	0.0178017311775	29	0.00473624040503	249	0.0406663400294
6108	132	0.0216110019646	53	0.00867714472823	238	0.0389652914211
6137	114	0.0185758513932	30	0.00488838194558	272	0.0443213296399
6136	104	0.0169491525424	34	0.00554106910039	207	0.0337353324641
6125	95	0.0155102040816	51	0.00832653061224	261	0.042612244898
6094	94	0.0154250082048	42	0.00689202494257	252	0.0413521496554
6136	99	0.0161342894394	51	0.00831160365059	261	0.0425358539765
6115	94	0.0153720359771	27	0.00441537203598	264	0.043172526574
6150	108	0.0175609756098	49	0.0079674796748	275	0.0447154471545
6164	121	0.019630110318	50	0.00811161583387	263	0.0426670992862
6098	120	0.019678583142	44	0.00721548048541	264	0.0432928829124
6091	151	0.024790674766	42	0.00689541947135	255	0.0418650467903
6095	113	0.0185397867104	31	0.00508613617719	270	0.0442986054143
6062	103	0.0169910920488	26	0.00428901352689	258	0.0425602111514
6121	105	0.0171540597942	48	0.0078418559059	249	0.0406796275118
6098	126	0.0206625122991	25	0.00409970482125	271	0.0444408002624
6111	115	0.0188185239732	37	0.00605465553919	278	0.0454917362134
6139	118	0.0192213715589	25	0.00407232448281	258	0.0420263886626
6114	124	0.0202813215571	29	0.00474321229964	277	0.0453058554138
6130	96	0.015660685155	53	0.00864600326264	294	0.0479608482871
6156	100	0.0162443144899	33	0.00536062378168	276	0.0448343079922
6151	108	0.0175581206308	39	0.00634043245001	250	0.0406437977565
6126	114	0.0186092066601	22	0.0035912504081	272	0.0444009141365
6107	82	0.0134272146717	30	0.00491239561159	266	0.0435565744228
6182	96	0.0155289550307	29	0.00469103849887	285	0.0461015852475
6109	128	0.0209526927484	56	0.00916680307743	262	0.0428875429694
6110	127	0.0207855973813	47	0.00769230769231	270	0.0441898527005
6148	101	0.0164281067014	31	0.00504229017567	285	0.0463565387118
6094	94	0.0154250082048	31	0.00508697079094	263	0.043157203807
6152	120	0.0195058517555	33	0.00536410923277	250	0.0406371911573
6144	123	0.02001953125	43	0.00699869791667	258	0.0419921875
6155	101	0.0164094232331	44	0.00714865962632	289	0.046953696182
6111	93	0.0152184585174	37	0.00605465553919	298	0.0487645229913
6133	95	0.0154899722811	39	0.00635904125224	279	0.0454916028045
6110	101	0.0165302782324	49	0.00801963993453	276	0.0451718494272
6117	102	0.0166748406081	52	0.00850089913356	258	0.0421775380088
6042	121	0.0200264812976	35	0.00579278384641	262	0.0433631247931
6164	167	0.0270927968851	33	0.00535366645036	275	0.0446138870863
6127	102	0.0166476252652	26	0.00424351232251	265	0.0432511832871
6104	112	0.0183486238532	33	0.00540629095675	283	0.0463630406291
6162	104	0.0168776371308	56	0.00908795845505	282	0.0457643622201
6129	97	0.0158263990863	33	0.00538423886442	258	0.0420949583945
6160	105	0.0170454545455	32	0.00519480519481	253	0.0410714285714
6121	114	0.0186244077765	39	0.00637150792354	264	0.0431302074824
6103	105	0.0172046534491	30	0.00491561527118	257	0.0421104374898
6158	121	0.0196492367652	30	0.00487171159467	281	0.0456316986034
6155	103	0.0167343623071	35	0.00568643379366	275	0.0446791226645
6149	125	0.0203285087006	50	0.00813140348024	252	0.0409822735404
6117	98	0.0160209252902	38	0.00621219552068	262	0.0428314533268
6111	77	0.0126002290951	31	0.00507281950581	280	0.0458190148912
6173	114	0.0184675198445	23	0.00372590312652	306	0.0495707111615
6113	123	0.0201210534926	38	0.00621626042859	277	0.0453132668084
6102	124	0.0203212061619	19	0.00311373320223	248	0.0406424123238
6109	124	0.0202979211	32	0.0052381731871	264	0.0432149287936
6101	75	0.0122930667104	36	0.00590067202098	279	0.0457302081626
6154	98	0.015924601885	32	0.00519987000325	265	0.0430614234644
6137	95	0.015479876161	38	0.0061919504644	252	0.0410624083428
6103	129	0.0211371456661	45	0.00737342290677	265	0.0434212682287
6130	123	0.0200652528548	29	0.0047308319739	296	0.0482871125612
6067	109	0.0179660458217	37	0.00609856601286	262	0.0431844404154
6059	90	0.0148539362931	35	0.00577653078066	251	0.0414259778841
6138	109	0.0177582274356	31	0.00505050505051	294	0.0478983382209
6120	130	0.0212418300654	49	0.00800653594771	243	0.0397058823529
6147	146	0.0237514234586	36	0.00585651537335	261	0.0424597364568
6143	97	0.0157903304574	27	0.00439524662217	270	0.0439524662217
6152	99	0.0160923276983	30	0.00487646293888	285	0.0463263979194
6067	100	0.0164826108456	47	0.00774682709741	257	0.0423603098731
6148	129	0.0209824333116	46	0.0074821080026	260	0.0422901756669
6109	103	0.016860369946	47	0.00769356686855	259	0.0423964642331
6095	100	0.0164068908942	26	0.00426579163249	287	0.0470877768663
6102	106	0.0173713536545	40	0.00655522779417	257	0.0421173385775
6163	110	0.01784845043	36	0.00584131104981	257	0.0417004705501
6135	125	0.0203748981255	23	0.00374898125509	256	0.041727791361
6135	123	0.0200488997555	42	0.00684596577017	245	0.039934800326
6151	80	0.0130060152821	56	0.00910421069745	268	0.0435701511949
6133	125	0.0203815424751	48	0.00782651231045	261	0.0425566606881
6108	96	0.0157170923379	30	0.0049115913556	270	0.0442043222004
6153	108	0.0175524134569	51	0.00828863968796	266	0.0432309442548
6110	100	0.0163666121113	55	0.00900163666121	252	0.0412438625205
6147	91	0.014803969416	33	0.00536847242557	255	0.0414836505612
6140	120	0.0195439739414	39	0.00635179153094	287	0.0467426710098
6109	96	0.0157145195613	37	0.00605663774759	278	0.0455066295629
6147	118	0.019196355946	45	0.00732064421669	253	0.0411582885961
6057	110	0.0181608056794	23	0.00379725936932	253	0.0417698530626
6176	114	0.0184585492228	44	0.00712435233161	271	0.0438795336788
6167	108	0.0175125668883	61	0.00989135722393	283	0.0458894113832
6146	83	0.0135047185161	22	0.00357956394403	260	0.0423039375203
6101	121	0.0198328142927	37	0.00606457957712	255	0.0417964268153
6156	113	0.0183560753736	54	0.00877192982456	278	0.045159194282
6122	109	0.0178046390069	30	0.00490035935969	268	0.0437765436132
6140	98	0.0159609120521	35	0.0057003257329	243	0.0395765472313
6164	103	0.0167099286178	47	0.00762491888384	270	0.0438027255029
6121	146	0.0238523117138	42	0.00686162391766	247	0.0403528835158
6147	116	0.0188709939808	33	0.00536847242557	269	0.0437611843176
6113	97	0.015867822673	63	0.0103059054474	252	0.0412236217896
6142	109	0.017746662325	23	0.00374470856399	256	0.0416802344513
6107	146	0.0239069919764	31	0.00507614213198	268	0.0438840674636
6151	116	0.018858722159	54	0.0087790603154	269	0.043732726386
6134	101	0.016465601565	37	0.00603195304858	278	0.0453211607434
6077	128	0.0210630245187	34	0.00559486588777	272	0.0447589271022
6142	76	0.0123738196027	37	0.00602409638554	252	0.041028980788
6089	108	0.0177369026113	23	0.00377730333388	299	0.0491049433404
6078	103	0.0169463639355	41	0.00674564001316	250	0.0411319512998
6131	117	0.0190833469255	51	0.00831838199315	246	0.0401239602023
6097	112	0.0183696900115	20	0.00328030178776	243	0.0398556667213
6159	96	0.0155869459328	56	0.00909238512746	273	0.0443253774963
6166	129	0.0209211806682	43	0.00697372688939	276	0.0447615958482
6120	109	0.0178104575163	25	0.00408496732026	245	0.0400326797386
6150	118	0.0191869918699	22	0.00357723577236	255	0.0414634146341
6074	114	0.0187685215673	29	0.00477444846888	255	0.0419822192954
6159	125	0.0202955025166	51	0.00828056502679	283	0.0459490176977
6162	109	0.0176890619929	36	0.00584225900682	284	0.0460889321649
6153	58	0.00942629611572	40	0.00650089387291	260	0.0422558101739
6071	102	0.0168011859661	40	0.00658870037885	258	0.0424971174436
6193	133	0.0214758598418	29	0.00468270628129	257	0.04149846601
6103	113	0.0185154841881	33	0.0054071767983	261	0.0427658528592
6118	102	0.0166721150703	45	0.00735534488395	243	0.0397188623733
6142	127	0.0206773038098	40	0.00651253663302	254	0.0413546076197
6111	91	0.0148911798396	29	0.00474554082802	260	0.0425462281132
6110	123	0.0201309328969	31	0.0050736497545	280	0.0458265139116
6117	86	0.0140591793363	23	0.00376001307831	263	0.0429949321563
6114	101	0.0165194635263	40	0.00654236179261	274	0.0448151782794
6111	110	0.0180003272787	52	0.00850924562265	260	0.0425462281132
6105	116	0.0190008190008	35	0.00573300573301	259	0.0424242424242
6091	121	0.0198653751437	34	0.00558200623871	260	0.0426859300607
6145	107	0.0174125305126	32	0.00520748576078	290	0.0471928397071
6122	91	0.014864423391	26	0.00424697811173	261	0.0426331264293
6115	151	0.0246933769419	33	0.00539656582175	237	0.038757154538
6173	160	0.0259193260975	39	0.00631783573627	241	0.0390409849344
6053	124	0.0204857095655	45	0.00743433008426	225	0.0371716504213
6119	94	0.0153619872528	32	0.00522961268181	263	0.0429808792286
6129	92	0.015010605319	21	0.00342633382281	257	0.0419317996411
6171	135	0.0218765192027	32	0.0051855452925	230	0.0372711067898
6090	97	0.0159277504105	25	0.00410509031199	284	0.0466338259442
6128	91	0.0148498694517	60	0.0097911227154	267	0.0435704960836
6082	121	0.0198947714568	40	0.00657678395265	237	0.0389674449194
6141	100	0.016283992835	24	0.00390815828041	293	0.0477120990067
6131	88	0.0143532865764	27	0.00440384929049	263	0.0428967542
6169	128	0.0207489058194	47	0.00761873885557	257	0.0416599124656
6210	132	0.0212560386473	30	0.0048309178744	289	0.04653784219
6044	113	0.0186962276638	67	0.0110853739246	266	0.0440105890139
6173	109	0.0176575409039	34	0.00550785679572	295	0.0477887574923
6167	104	0.0168639532998	36	0.00583752229609	244	0.0395654288957
6167	90	0.0145938057402	32	0.00518890870764	259	0.0419977298524
6157	106	0.0172161767094	49	0.00795842130908	283	0.045963943479
6106	123	0.0201441205372	18	0.00294792007861	271	0.0443825745169
6084	109	0.0179158448389	28	0.00460223537147	260	0.042735042735
6168	99	0.0160505836576	27	0.00437743190661	275	0.0445849546044
6168	115	0.01864461738	46	0.00745784695201	244	0.0395590142672
6164	87	0.0141142115509	38	0.00616482803374	271	0.0439649578196
6093	82	0.0134580666338	24	0.00393894633186	244	0.0400459543739
6162	116	0.0188250567997	44	0.00714053878611	250	0.0405712431029
6134	120	0.0195630909684	27	0.00440169546788	274	0.0446690577111
6132	83	0.0135355512068	56	0.00913242009132	248	0.0404435746902
6139	113	0.0184069066623	22	0.00358364554488	250	0.0407232448281
6119	124	0.020264749142	30	0.0049027618892	260	0.0424906030397
6110	113	0.0184942716858	35	0.00572831423895	256	0.0418985270049
6119	103	0.0168328158196	42	0.00686386664488	280	0.0457591109658
6148	115	0.0187052700065	40	0.00650618087183	255	0.0414769030579
6193	89	0.0143710641046	30	0.00484417891167	261	0.0421443565316
6066	125	0.0206066600725	17	0.00280250576986	277	0.0456643587207
6123	121	0.0197615547934	51	0.00832925036747	263	0.0429528009146
6138	122	0.0198761811665	61	0.00993809058325	292	0.0475724991854
6112	111	0.0181609947644	41	0.00670811518325	291	0.0476112565445
6136	102	0.0166232073012	35	0.00570404172099	225	0.0366688396349
6128	101	0.0164817232376	37	0.00603785900783	268	0.0437336814621
6112	105	0.0171793193717	38	0.00621727748691	260	0.0425392670157
6178	112	0.0181288442862	47	0.00760764001295	260	0.0420848170929
6136	112	0.0182529335072	62	0.0101043024772	261	0.0425358539765
6112	94	0.0153795811518	33	0.00539921465969	297	0.0485929319372
6078	121	0.0199078644291	48	0.00789733464956	237	0.0389930898322
6109	82	0.0134228187919	34	0.00556555901129	272	0.0445244720904
6161	93	0.0150949521182	54	0.00876481090732	293	0.0475572147379
6117	104	0.0170017982671	30	0.00490436488475	256	0.0418505803498
6118	84	0.0137299771167	23	0.00375939849624	261	0.0426610003269
6141	106	0.0172610324051	23	0.00374531835206	246	0.0400586223742
6120	144	0.0235294117647	38	0.0062091503268	286	0.0467320261438
6169	110	0.0178310909386	24	0.00389041984114	278	0.0450640298266
6140	125	0.0203583061889	31	0.00504885993485	283	0.0460912052117
6094	130	0.0213324581556	37	0.00607154578274	233	0.038234328848
6070	108	0.0177924217463	49	0.00807248764415	239	0.039373970346
6129	118	0.0192527329091	27	0.00440528634361	252	0.0411160058737
6148	147	0.023910214704	40	0.00650618087183	262	0.0426154847105
6134	81	0.0132050864037	40	0.00652103032279	260	0.0423866970981
6165	117	0.0189781021898	22	0.00356853203569	258	0.0418491484185
6096	135	0.0221456692913	35	0.00574146981627	279	0.0457677165354
6118	113	0.0184700882641	32	0.00523046747303	250	0.0408630271331
6118	109	0.01781627983	37	0.00604772801569	226	0.0369401765283
6097	105	0.0172215843858	47	0.00770870920125	292	0.0478924061014
6129	91	0.0148474465655	42	0.00685266764562	260	0.0424212759015
6124	123	0.0200849118223	34	0.0055519268452	257	0.0419660352711
6087	98	0.0160998850008	35	0.00574995892886	241	0.0395925743388
6123	83	0.0135554466765	43	0.00702270129022	263	0.0429528009146
6204	101	0.0162798194713	31	0.00499677627337	270	0.0435203094778
6098	124	0.0203345359134	25	0.00409970482125	249	0.0408330600197
6090	111	0.0182266009852	35	0.00574712643678	282	0.0463054187192
6191	125	0.020190599257	45	0.00726861573251	280	0.0452269423356
6157	100	0.016241676141	24	0.00389800227383	300	0.0487250284229
6180	112	0.0181229773463	17	0.00275080906149	277	0.0448220064725
6108	129	0.0211198428291	34	0.00556647020301	268	0.0438768827767
6116	114	0.0186396337475	29	0.00474166121648	248	0.0405493786789
6137	91	0.0148280919016	46	0.00749551898322	279	0.0454619520939
6083	134	0.0220286043071	25	0.0041098142364	239	0.0392898241
6131	88	0.0143532865764	26	0.00424074376121	279	0.0455064426684
6101	101	0.01655466317	38	0.00622848713326	293	0.0480249139485
6151	105	0.0170703950577	34	0.00552755649488	266	0.0432450008129
6091	96	0.0157609587917	25	0.00410441635199	243	0.0398949269414
6136	117	0.0190677966102	46	0.00749674054759	265	0.0431877444589
6167	94	0.0152424193287	28	0.00454029511918	276	0.0447543376034
6115	130	0.0212591986917	23	0.00376124284546	270	0.0441537203598
6054	113	0.0186653452263	37	0.00611166171127	268	0.0442682523951
6117	117	0.0191270230505	36	0.0058852378617	251	0.0410331862024
6177	117	0.0189412336085	37	0.0059899627651	299	0.0484053747774
6130	136	0.0221859706362	45	0.00734094616639	246	0.0401305057096
6106	113	0.0185063871602	35	0.00573206681952	259	0.0424172944645
6156	105	0.0170565302144	23	0.00373619233268	262	0.0425601039636
6094	114	0.0187069248441	60	0.00984574991795	259	0.0425008204792
6096	110	0.0180446194226	40	0.00656167979003	255	0.0418307086614
6128	114	0.0186031331593	37	0.00603785900783	266	0.043407310705
6141	118	0.0192151115454	34	0.00553655756391	259	0.0421755414428
6118	103	0.0168355671788	33	0.00539391958156	258	0.0421706440013
6134	103	0.0167916530812	62	0.0101075970003	248	0.0404303880013
6058	111	0.0183228788379	36	0.00594255529878	272	0.0448993067019
6100	118	0.0193442622951	40	0.00655737704918	250	0.0409836065574
6064	112	0.0184696569921	44	0.00725593667546	252	0.0415567282322
6117	125	0.0204348536864	43	0.00702958966814	282	0.0461010299166
6086	120	0.0197173841604	23	0.0037791652974	281	0.0461715412422
6156	120	0.0194931773879	35	0.00568551007147	254	0.0412605588044
6114	89	0.0145567549886	36	0.00588812561335	276	0.045142296369
6204	98	0.0157962604771	38	0.00612508059317	250	0.0402965828498
6078	84	0.0138203356367	61	0.0100361961171	260	0.0427772293518
6140	129	0.021009771987	42	0.00684039087948	252	0.0410423452769
6058	83	0.0137008913833	27	0.00445691647408	260	0.0429184549356
6182	124	0.0200582335814	27	0.00436751860239	233	0.0376900679392
6135	112	0.0182559087205	37	0.00603096984515	284	0.0462917685412
6159	109	0.0176976781945	30	0.00487092060399	284	0.0461113817178
6177	134	0.0216933786628	34	0.00550429010847	247	0.0399870487292
6174	97	0.0157110463233	44	0.00712666018788	267	0.0432458697765
6170	118	0.0191247974068	32	0.00518638573744	265	0.0429497568882
6068	113	0.0186222808174	35	0.00576796308504	263	0.0433421226104
6157	103	0.0167289264252	35	0.00568458664934	277	0.0449894429105
6157	102	0.0165665096638	33	0.00535975312652	273	0.0443397758649
6082	114	0.018743834265	59	0.00970075633015	276	0.0453798092733
6088	125	0.0205321944809	29	0.00476346911958	274	0.0450065703022
6139	113	0.0184069066623	26	0.00423521746213	246	0.0400716729109
6095	120	0.019688269073	33	0.00541427399508	271	0.0444626743232
6170	127	0.0205834683955	36	0.00583468395462	243	0.0393841166937
6114	100	0.0163559044815	19	0.00310762185149	274	0.0448151782794
6176	120	0.0194300518135	22	0.0035621761658	257	0.0416126943005
6174	121	0.0195983155167	33	0.00534499514091	258	0.041788143829
6151	115	0.018696146968	49	0.00796618436027	288	0.0468216550154
6108	100	0.0163719711853	23	0.00376555337263	259	0.04240340537
6119	73	0.0119300539304	39	0.00637359045596	249	0.0406929236803
6129	127	0.0207211616903	28	0.00456844509708	270	0.0440528634361
6080	108	0.0177631578947	32	0.00526315789474	254	0.0417763157895
6157	109	0.0177034269937	54	0.00877050511613	239	0.0388176059769
6113	121	0.0197938818911	40	0.0065434320301	274	0.0448225094062
6123	119	0.0194349175241	45	0.00734933855953	281	0.0458925363384
6078	104	0.0171108917407	30	0.00493583415597	274	0.0450806186245
6171	119	0.0192837465565	32	0.0051855452925	284	0.0460217144709
6172	101	0.0163642255347	40	0.00648088139987	271	0.0439079714841
6126	110	0.0179562520405	51	0.00832517140059	274	0.0447273914463
6069	117	0.0192782995551	33	0.00543746910529	242	0.0398747734388
6153	94	0.0152771006013	49	0.00796359499431	259	0.0420932878271
6121	110	0.0179709197843	28	0.00457441594511	288	0.0470511354354
6111	85	0.0139093438063	32	0.00523645884471	239	0.0391098019964
6088	125	0.0205321944809	48	0.00788436268068	257	0.0422141918528
6148	89	0.0144762524398	57	0.00927130774236	268	0.0435914118412
6093	92	0.0150992942721	34	0.00558017397013	247	0.0405383226654
6085	101	0.0165981922761	54	0.0088742810189	316	0.0519309778143
6087	101	0.0165927386233	28	0.00459996714309	311	0.0510924921965
6140	98	0.0159609120521	34	0.00553745928339	303	0.049348534202
6164	105	0.0170343932511	25	0.00405580791694	286	0.0463984425698
6128	92	0.0150130548303	52	0.00848563968668	264	0.0430809399478
6111	101	0.0165275732286	32	0.00523645884471	256	0.0418916707577
6188	83	0.0134130575307	43	0.00694893341952	249	0.0402391725921
6097	116	0.019025750369	26	0.00426439232409	290	0.0475643759226
6132	129	0.0210371819961	42	0.00684931506849	269	0.0438682322244
6053	144	0.0237898562696	27	0.00446059805055	277	0.045762431852
6089	124	0.020364591887	26	0.00426999507308	267	0.043849564789
6135	104	0.0169519152404	52	0.00847595762021	257	0.041890790546
6094	127	0.0208401706597	44	0.0072202166065	260	0.0426649163111
6112	109	0.0178337696335	48	0.00785340314136	249	0.0407395287958
6105	116	0.0190008190008	43	0.00704340704341	261	0.0427518427518
6088	105	0.017247043364	40	0.0065703022339	278	0.0456636005256
6091	96	0.0157609587917	62	0.0101789525529	292	0.0479395829913
6189	88	0.0142187752464	46	0.00743254160608	228	0.0368395540475
6150	136	0.0221138211382	39	0.00634146341463	275	0.0447154471545
6155	81	0.0131600324939	46	0.00747359870024	271	0.0440292445167
6141	95	0.0154697931933	36	0.00586223742062	271	0.044129620583
6151	114	0.0185335717769	29	0.00471468053975	256	0.0416192489026
6075	107	0.0176131687243	29	0.00477366255144	302	0.0497119341564
6174	111	0.0179786200194	36	0.00583090379009	256	0.0414642047295
6047	97	0.0160410120721	32	0.00529188027121	248	0.0410120721019
6169	135	0.0218836116064	44	0.00713243637543	290	0.0470092397471
6100	101	0.0165573770492	25	0.00409836065574	261	0.0427868852459
6179	111	0.0179640718563	36	0.0058261854669	263	0.0425635216054
6143	110	0.0179065603126	30	0.00488360735797	270	0.0439524662217
6117	89	0.0145496158248	30	0.00490436488475	263	0.0429949321563
6080	110	0.0180921052632	30	0.00493421052632	266	0.04375
6097	108	0.0177136296539	46	0.00754469411186	283	0.0464162702969
6103	102	0.016713091922	44	0.00720956906439	235	0.0385056529576
6087	90	0.0147856086742	39	0.00640709709216	278	0.0456711023493
6092	98	0.016086671044	38	0.00623768877216	258	0.0423506237689
6135	108	0.0176039119804	43	0.00700896495518	256	0.041727791361
6118	97	0.0158548545276	32	0.00523046747303	261	0.0426610003269
6115	119	0.0194603434178	52	0.0085036794767	259	0.0423548650859
6093	119	0.0195306088955	68	0.0111603479403	263	0.0431642868866
6149	106	0.0172385753781	34	0.00552935436656	264	0.0429338103757
6113	91	0.0148863078685	35	0.00572550302634	272	0.0444953378047
6105	108	0.0176904176904	52	0.00851760851761	259	0.0424242424242
6184	85	0.013745148771	27	0.00436610608021	276	0.0446313065977
6151	110	0.0178832710128	31	0.0050398309218	259	0.0421069744757
6108	96	0.0157170923379	43	0.00703994760969	247	0.0404387688278
6100	72	0.0118032786885	21	0.00344262295082	257	0.042131147541
6131	95	0.0154950252814	20	0.00326211058555	283	0.0461588647855
6171	93	0.0150704910063	21	0.0034030140982	242	0.0392156862745
6117	96	0.0156939676312	32	0.00523132254373	236	0.03858100376
6147	115	0.0187083129982	37	0.00601919635595	269	0.0437611843176
6168	99	0.0160505836576	37	0.00599870298314	261	0.0423151750973
6101	94	0.015407310277	35	0.00573676446484	272	0.0445828552696
6145	116	0.0188771358828	36	0.00585842148088	261	0.0424735557364
6157	121	0.0196524281306	35	0.00568458664934	277	0.0449894429105
6123	122	0.0199248734281	25	0.00408296586641	261	0.0426261636453
6146	94	0.0152945004881	34	0.00553205336804	246	0.0400260331923
6112	100	0.0163612565445	51	0.0083442408377	243	0.0397578534031
6130	132	0.0215334420881	52	0.00848287112561	296	0.0482871125612
6136	116	0.0189048239896	35	0.00570404172099	295	0.0480769230769
6165	127	0.020600162206	45	0.00729927007299	258	0.0418491484185
6081	85	0.0139779641506	41	0.00674231211972	275	0.0452228251932
6140	114	0.0185667752443	58	0.00944625407166	240	0.0390879478827
6106	99	0.0162135604324	49	0.00802489354733	229	0.0375040943334
6205	116	0.0186946011281	36	0.0058017727639	251	0.0404512489927
6167	135	0.0218907086103	32	0.00518890870764	266	0.0431328036322
6107	108	0.0176846242017	48	0.00785983297855	264	0.043229081382
6124	99	0.0161659046375	48	0.00783801436969	299	0.0488242978445
6127	101	0.0164844132528	37	0.00603884445895	267	0.0435776073119
6132	105	0.0171232876712	52	0.00848010437052	278	0.0453359425962
6172	122	0.0197666882696	36	0.00583279325988	242	0.0392093324692
6107	73	0.0119534959882	68	0.0111347633863	276	0.0451940396267
6172	107	0.0173363577447	35	0.00567077122489	279	0.0452041477641
6111	99	0.0162002945508	53	0.00867288496154	306	0.0500736377025
6136	126	0.0205345501956	55	0.00896349413299	271	0.0441655801825
6127	131	0.0213807736249	48	0.0078341765954	272	0.0443936673739
6135	100	0.0162999185004	30	0.00488997555012	282	0.0459657701711
6139	110	0.0179182277244	31	0.00504968235869	255	0.0415377097247
6115	127	0.0207686017989	38	0.00621422730989	266	0.0434995911693
6163	79	0.0128184325815	27	0.00438098328736	241	0.0391043323057
6118	105	0.0171624713959	42	0.00686498855835	277	0.0452762340634
6173	130	0.0210594524542	33	0.00534586100761	263	0.0426048922728
6162	104	0.0168776371308	29	0.00470626419994	247	0.0400843881857
6172	113	0.0183084899546	28	0.00453661697991	264	0.0427738172391
6184	76	0.0122897800776	40	0.00646830530401	250	0.0404269081501
6085	96	0.0157764995892	42	0.00690221857025	253	0.0415776499589
6152	110	0.0178803641092	37	0.00601430429129	303	0.0492522756827
6151	100	0.0162575191026	44	0.00715330840514	267	0.0434075760039
6121	98	0.0160104558079	43	0.0070249959157	266	0.0434569514785
6110	120	0.0196399345336	31	0.0050736497545	260	0.0425531914894
6178	138	0.0223373259955	37	0.00598899320168	272	0.0440271932664
6108	117	0.0191552062868	43	0.00703994760969	268	0.0438768827767
6123	95	0.0155152702923	22	0.00359300996244	274	0.0447493058958
6059	86	0.0141937613468	24	0.00396104967816	250	0.0412609341475
6177	134	0.0216933786628	36	0.00582807187955	248	0.0401489396147
6126	117	0.0190989226249	34	0.00555011426706	268	0.0437479595168
6050	104	0.0171900826446	37	0.00611570247934	266	0.0439669421488
6141	99	0.0161211529067	43	0.00700211691907	229	0.0372903435922
6165	123	0.0199513381995	36	0.00583941605839	267	0.0433090024331
6128	111	0.0181135770235	39	0.00636422976501	274	0.0447127937337
6118	136	0.0222294867604	51	0.00833605753514	273	0.0446224256293
6078	118	0.0194142810135	39	0.00641658440276	260	0.0427772293518
6087	106	0.0174141613274	47	0.00772137341876	258	0.0423854115328
6141	127	0.0206806709005	34	0.00553655756391	235	0.0382673831624
6078	118	0.0194142810135	52	0.00855544587035	266	0.043764396183
6103	116	0.0190070457152	46	0.00753727674914	260	0.0426019990169
6139	105	0.0171037628278	31	0.00504968235869	249	0.0405603518488
6066	125	0.0206066600725	38	0.00626442466205	235	0.0387405209364
6104	115	0.0188401048493	59	0.00966579292267	268	0.0439056356488
6159	112	0.0181847702549	35	0.00568274070466	244	0.0396168209125
6063	114	0.0188025729837	42	0.00692726373083	240	0.0395843641762
6131	102	0.0166367639863	42	0.00685043222965	297	0.0484423421954
6185	102	0.0164915117219	32	0.00517380759903	232	0.037510105093
6086	113	0.0185672034177	50	0.00821557673349	259	0.0425566874795
6130	83	0.0135399673736	31	0.00505709624796	257	0.041924959217
6155	108	0.0175467099919	26	0.00422420796101	277	0.0450040617384
6101	68	0.0111457138174	39	0.0063923946894	274	0.0449106703819
6119	87	0.0142180094787	45	0.0073541428338	259	0.0423271776434
6156	110	0.0178687459389	54	0.00877192982456	262	0.0425601039636
6160	103	0.0167207792208	42	0.00681818181818	298	0.0483766233766
6163	89	0.0144410189843	35	0.00567905240954	279	0.0452701606361
6166	114	0.0184884852416	35	0.00567628932858	267	0.0433019785923
6132	88	0.0143509458578	59	0.00962165688193	247	0.0402804957599
6153	93	0.0151145782545	51	0.00828863968796	289	0.0469689582318
6094	126	0.0206760748277	37	0.00607154578274	260	0.0426649163111
6106	127	0.020799213888	31	0.00507697346872	240	0.0393056010481
6112	112	0.0183246073298	43	0.00703534031414	268	0.0438481675393
6087	117	0.0192212912765	39	0.00640709709216	296	0.0486282240841
6155	85	0.0138099106418	58	0.00942323314379	284	0.0461413484972
6108	103	0.0168631303209	50	0.00818598559267	243	0.0397838899804
6213	82	0.013198132947	28	0.00450667954289	273	0.0439401255432
6120	107	0.0174836601307	60	0.00980392156863	281	0.0459150326797
6133	90	0.0146747105821	31	0.00505462253383	268	0.0436980270667
6090	95	0.0155993431856	46	0.00755336617406	283	0.0464696223317
6103	93	0.0152384073407	33	0.0054071767983	246	0.0403080452237
6161	114	0.0185034896932	39	0.00633014121084	268	0.0434994319104
6142	83	0.0135135135135	22	0.00358189514816	273	0.0444480625204
6118	119	0.0194508009153	33	0.00539391958156	249	0.0406995750245
6149	136	0.0221174174663	46	0.00748089120182	261	0.0424459261669
6163	123	0.0199578127535	32	0.00519227648872	268	0.0434853155931
6078	86	0.0141493912471	34	0.00559394537677	242	0.0398157288582
6178	104	0.0168339268372	31	0.00501780511492	302	0.0488831337002
6153	82	0.0133268324395	39	0.00633837152608	248	0.040305542012
6166	123	0.0199481024976	45	0.0072980862796	278	0.0450859552384
6055	93	0.0153592072667	41	0.00677126341866	267	0.0440957886045
6108	114	0.0186640471513	46	0.00753110674525	265	0.0433857236411
6095	116	0.0190319934372	27	0.00442986054143	248	0.0406890894176
6135	119	0.0193969030155	39	0.00635696821516	272	0.0443357783211
6155	116	0.0188464662876	64	0.0103980503656	270	0.0438667749797
6102	112	0.0183546378237	21	0.00344149459194	275	0.0450671910849
6138	84	0.0136852394917	31	0.00505050505051	266	0.0433365917237
6131	124	0.0202250856304	30	0.00489316587832	242	0.0394715380851
6147	96	0.0156173743289	46	0.00748332519928	243	0.0395314787701
6104	124	0.0203145478375	33	0.00540629095675	243	0.0398099606815
6136	83	0.0135267275098	43	0.00700782268579	246	0.0400912646675
6164	110	0.0178455548345	55	0.00892277741726	305	0.0494808565866
6074	87	0.0143233454067	25	0.00411590385249	287	0.0472505762265
6084	95	0.0156147271532	37	0.00608152531229	273	0.0448717948718
6119	132	0.0215721523125	47	0.00768099362641	256	0.0418369014545
6135	101	0.0164629176854	39	0.00635696821516	244	0.039771801141
6116	111	0.01814911707	33	0.00539568345324	253	0.0413669064748
6145	126	0.0205044751831	31	0.00504475183076	297	0.0483319772172
6131	136	0.0221823519817	32	0.00521937693688	267	0.0435491763171
6179	100	0.0161838485192	22	0.00356044667422	269	0.0435345525166
6180	123	0.0199029126214	65	0.0105177993528	285	0.0461165048544
6107	109	0.0178483707221	35	0.00573112821353	261	0.0427378418209
6103	98	0.0160576765525	37	0.00606259216779	278	0.0455513681796
6111	84	0.0137457044674	30	0.00490918016691	263	0.0430371461299
6142	91	0.0148160208401	42	0.00683816346467	266	0.0433083686096
6123	113	0.0184550057162	32	0.005226196309	246	0.0401763841254
6101	83	0.0136043271595	36	0.00590067202098	244	0.0399934436978
6163	106	0.0171994158689	31	0.00503001784845	263	0.0426740223917
6069	129	0.0212555610479	58	0.00955676388202	276	0.0454770143351
6152	87	0.0141417425228	51	0.0082899869961	268	0.0435630689207
6136	105	0.017112125163	24	0.00391134289439	284	0.0462842242503
6124	105	0.0171456564337	36	0.00587851077727	300	0.0489875898106
6197	105	0.016943682427	47	0.00758431499112	273	0.0440535743102
6148	130	0.0211450878334	24	0.0039037085231	265	0.0431034482759
6076	109	0.0179394338381	23	0.00378538512179	251	0.0413100724161
6096	116	0.0190288713911	65	0.0106627296588	255	0.0418307086614
6179	105	0.0169930409451	28	0.00453147758537	295	0.0477423531316
6130	96	0.015660685155	46	0.00750407830343	261	0.0425774877651
6103	103	0.0168769457644	39	0.00639029985253	267	0.0437489759135
6161	104	0.0168803765622	42	0.00681707515014	244	0.039603960396
6093	123	0.0201870999508	33	0.0054160512063	261	0.0428360413589
6148	112	0.0182173064411	29	0.00471698113208	281	0.0457059206246
6141	118	0.0192151115454	42	0.00683927699072	261	0.0425012212995
6114	102	0.0166830225711	24	0.00392541707556	246	0.0402355250245
6140	117	0.0190553745928	31	0.00504885993485	301	0.0490228013029
6119	118	0.0192841967642	42	0.00686386664488	260	0.0424906030397
6159	129	0.0209449585972	52	0.00844292904692	224	0.0363695405098
6134	100	0.016302575807	51	0.00831431366156	240	0.0391261819367
6096	102	0.0167322834646	23	0.00377296587927	275	0.0451115485564
6142	103	0.01676978183	37	0.00602409638554	269	0.043796808857
6132	96	0.0156555772994	41	0.00668623613829	253	0.0412589693412
6114	114	0.0186457311089	34	0.00556100752372	264	0.0431795878312
6137	90	0.0146651458367	37	0.00602900439954	257	0.0418771386671
6082	110	0.0180861558698	32	0.00526142716212	277	0.0455442288721
6119	95	0.0155254126491	37	0.00604673966334	263	0.0429808792286
6186	102	0.0164888457808	43	0.00695118008406	242	0.0391205948917
6109	110	0.0180062203307	63	0.0103126534621	230	0.0376493697823
6120	125	0.0204248366013	30	0.00490196078431	269	0.043954248366
6129	128	0.0208843204438	36	0.00587371512482	284	0.0463370859847
6134	118	0.0192370394522	44	0.00717313335507	267	0.0435278774046
6089	99	0.0162588273937	27	0.00443422565282	292	0.0479553292823
6085	95	0.0156121610518	26	0.00427280197206	294	0.0483155299918
6136	90	0.014667535854	41	0.00668187744459	268	0.0436766623207
6136	88	0.0143415906128	27	0.00440026075619	264	0.0430247718383
6153	90	0.014627011214	36	0.00585080448562	266	0.0432309442548
6057	106	0.0175004127456	65	0.0107313851742	235	0.0387980848605
6131	102	0.0166367639863	45	0.00733974881748	275	0.0448540205513
6124	99	0.0161659046375	46	0.00751143043762	259	0.0422926192031
6181	140	0.0226500566251	50	0.00808930593755	274	0.0443293965378
6099	119	0.0195113953107	48	0.00787014264634	256	0.0419740941138
6134	108	0.0176067818715	44	0.00717313335507	284	0.0462993152918
6138	103	0.0167807103291	53	0.00863473444119	259	0.0421961550994
6127	105	0.0171372613024	26	0.00424351232251	245	0.039986943039
6146	112	0.0182232346241	34	0.00553205336804	297	0.0483241132444
6237	135	0.021645021645	53	0.00849767516434	283	0.0453743787077
6163	106	0.0171994158689	26	0.00421872464709	300	0.0486775920818
6065	108	0.0178070898599	41	0.00676009892828	270	0.0445177246496
6141	102	0.0166096726917	47	0.00765347663247	228	0.0371275036639
6151	106	0.0172329702487	30	0.00487725573078	256	0.0416192489026
6160	122	0.0198051948052	35	0.00568181818182	236	0.0383116883117
6131	101	0.016473658457	83	0.01353775893	276	0.0450171260806
6067	99	0.0163177847371	26	0.00428547881985	248	0.040876874897
6148	103	0.016753415745	23	0.0037410540013	257	0.0418022121015
6181	94	0.0152078951626	27	0.00436822520628	294	0.0475651189128
6085	92	0.0151191454396	40	0.00657354149548	252	0.0414133114215
6109	104	0.0170240628581	36	0.00589294483549	267	0.0437060075299
6158	120	0.0194868463787	33	0.00535888275414	268	0.0435206235791
6118	129	0.0210853220007	34	0.00555737169009	252	0.0411899313501
6166	127	0.020596821278	50	0.00810898475511	252	0.0408692831657
6214	96	0.0154489861603	41	0.00659800450595	264	0.0424847119408
6121	98	0.0160104558079	36	0.00588139192942	260	0.0424767194903
6084	124	0.0203813280736	27	0.00443786982249	249	0.0409270216963
6115	111	0.0181520850368	46	0.00752248569092	253	0.0413736713001
6196	99	0.0159780503551	26	0.00419625564881	263	0.0424467398321
6177	102	0.0165128703254	50	0.00809454427716	280	0.0453294479521
6106	93	0.0152309204062	45	0.00736980019653	298	0.0488044546348
6098	88	0.0144309609708	31	0.00508363397835	290	0.0475565759265
6131	81	0.0132115478715	50	0.00815527646387	249	0.0406132767901
6078	97	0.0159591971043	23	0.00378413951958	253	0.0416255347154
6172	97	0.0157161373947	33	0.00534672715489	267	0.0432598833441
6096	89	0.0145997375328	22	0.00360892388451	259	0.0424868766404
6134	131	0.0213563743071	22	0.00358656667754	250	0.0407564395174
6120	142	0.0232026143791	60	0.00980392156863	292	0.0477124183007
6072	94	0.0154808959157	37	0.00609354413702	271	0.0446310935441
6124	88	0.0143696930111	45	0.00734813847159	247	0.0403331156107
6071	110	0.0181189260418	70	0.011530225663	262	0.0431559874815
6179	129	0.0208771645897	30	0.00485515455575	308	0.0498462534391
6208	107	0.0172358247423	43	0.00692654639175	262	0.0422036082474
6154	144	0.0233994150146	33	0.00536236594085	308	0.0500487487813
6171	108	0.0175012153622	30	0.00486144871172	271	0.0439150866958
6117	106	0.0173287559261	32	0.00523132254373	271	0.0443027627922
6099	113	0.0185276274799	44	0.00721429742581	302	0.0495163141499
6170	96	0.0155591572123	49	0.00794165316045	256	0.0414910858995
6163	89	0.0144410189843	28	0.00454324192763	217	0.0352101249392
6113	111	0.0181580238835	23	0.00376247341731	243	0.0397513495829
6078	106	0.0174399473511	27	0.00444225074038	268	0.0440934517934
6203	106	0.0170885055618	33	0.00532000644849	280	0.0451394486539
6143	94	0.0153019697216	42	0.00683705030116	259	0.0421618101905
6120	97	0.0158496732026	17	0.00277777777778	280	0.0457516339869
6144	111	0.01806640625	49	0.00797526041667	303	0.04931640625
6057	131	0.0216278685818	32	0.00528314347036	235	0.0387980848605
6124	118	0.0192684519922	35	0.00571521881123	252	0.0411495754409
6109	122	0.0199705352758	38	0.00622033065968	308	0.0504174169258
6127	99	0.016157989228	35	0.00571242043414	257	0.0419454871879
6153	105	0.0170648464164	48	0.00780107264749	266	0.0432309442548
6160	82	0.0133116883117	32	0.00519480519481	272	0.0441558441558
6105	131	0.0214578214578	57	0.00933660933661	270	0.044226044226
6154	105	0.0170620734482	33	0.00536236594085	259	0.0420864478388
6087	123	0.0202069985214	42	0.00689995071464	287	0.0471496632167
6126	108	0.0176297747307	36	0.00587659157689	264	0.0430950048972
6117	119	0.0194539807095	36	0.0058852378617	271	0.0443027627922
6156	87	0.0141325536062	25	0.00406107862248	271	0.0440220922677
6041	87	0.0144015891409	44	0.00728356232412	213	0.035259063069
6164	91	0.0147631408177	24	0.00389357560026	261	0.0423426346528
6151	120	0.0195090229231	54	0.0087790603154	260	0.0422695496667
6117	101	0.0165113617786	49	0.00801046264509	289	0.0472453817231
6075	103	0.0169547325103	38	0.00625514403292	257	0.042304526749
6117	92	0.0150400523132	50	0.00817394147458	255	0.0416871015204
6143	101	0.0164414781052	31	0.0050463942699	254	0.0413478756308
6138	107	0.0174323884001	33	0.00537634408602	244	0.039752362333
6154	89	0.0144621384465	35	0.00568735781605	253	0.0411114722132
6134	114	0.01858493642	36	0.00586892729051	270	0.0440169546788
6128	100	0.016318537859	30	0.0048955613577	233	0.0380221932115
6175	127	0.0205668016194	46	0.00744939271255	267	0.0432388663968
6198	138	0.0222652468538	44	0.00709906421426	232	0.0374314294934
6144	83	0.0135091145833	32	0.00520833333333	247	0.0402018229167
6131	94	0.0153319197521	49	0.00799217093459	284	0.0463219703148
6175	129	0.0208906882591	35	0.00566801619433	263	0.0425910931174
6184	131	0.0211836998706	36	0.00582147477361	270	0.0436610608021
6212	126	0.0202833226014	42	0.00676110753381	286	0.0460399227302
6232	102	0.0163671373556	56	0.00898587933248	288	0.0462130937099
6090	126	0.0206896551724	40	0.00656814449918	284	0.0466338259442
6202	82	0.0132215414382	25	0.00403095775556	247	0.039825862625
6085	87	0.0142974527527	39	0.00640920295809	280	0.0460147904684
6133	127	0.0207076471547	47	0.00766345997065	244	0.0397847709115
6085	113	0.0185702547247	40	0.00657354149548	260	0.0427280197206
6079	109	0.0179305806876	38	0.00625102812963	265	0.0435926961671
6115	106	0.0173344235487	35	0.00572363041701	283	0.0462796402289
6201	101	0.016287695533	52	0.0083857442348	270	0.0435413642961
6146	109	0.0177351122681	49	0.00797266514806	290	0.0471851610804
6115	108	0.0176614881439	47	0.00768601798855	252	0.0412101390025
6127	116	0.0189325934389	18	0.00293781622327	237	0.0386812469398
6182	96	0.0155289550307	27	0.00436751860239	271	0.0438369459722
6154	95	0.0154371140721	42	0.00682482937927	258	0.0419239519012
6130	113	0.0184339314845	33	0.00538336052202	256	0.0417618270799
6134	87	0.0141832409521	30	0.00489077274209	258	0.042060645582
6137	87	0.0141763076422	35	0.00570311226984	269	0.0438324914453
6149	124	0.020165880631	56	0.00910717189787	239	0.0388681086356
6119	108	0.0176499428011	60	0.0098055237784	241	0.0393855205099
6185	93	0.0150363783347	49	0.00792239288601	243	0.0392886014551
6147	133	0.0216365706849	58	0.0094354969904	246	0.0400195217179
6077	104	0.0171137074214	49	0.00806318907356	261	0.0429488234326
6059	129	0.0212906420201	41	0.0067667932002	265	0.0437365901964
6170	117	0.0189627228525	28	0.00453808752026	261	0.042301458671
6131	105	0.0171260805741	43	0.00701353775893	274	0.044690915022
6216	76	0.0122265122265	50	0.00804375804376	256	0.041184041184
6050	108	0.0178512396694	48	0.00793388429752	237	0.039173553719
6152	113	0.0183680104031	43	0.00698959687906	258	0.0419375812744
6139	84	0.0136830102623	45	0.00733018406907	283	0.0460987131455
6132	118	0.0192433137639	44	0.0071754729289	250	0.0407697325506
6162	93	0.0150925024343	38	0.00616682895164	271	0.0439792275235
6138	101	0.0164548712936	30	0.00488758553275	267	0.0434995112414
6069	94	0.0154885483605	27	0.00444883835887	276	0.0454770143351
6149	93	0.0151244104732	39	0.00634249471459	262	0.0426085542365
6136	100	0.01629726206	55	0.00896349413299	257	0.0418839634941
6182	108	0.0174700744096	18	0.00291167906826	265	0.0428663862828
6050	124	0.0204958677686	53	0.00876033057851	246	0.0406611570248
6140	114	0.0185667752443	57	0.00928338762215	292	0.0475570032573
6101	64	0.0104900835929	41	0.00672020980167	299	0.0490083592854
6114	74	0.0121033693163	29	0.00474321229964	241	0.0394177298005
6141	96	0.0156326331216	70	0.0113987949845	284	0.0462465396515
6153	109	0.0177149358037	42	0.00682593856655	270	0.0438810336421
6118	107	0.0174893756129	30	0.00490356325597	260	0.0424975482184
6072	118	0.0194334650856	44	0.00724637681159	280	0.0461133069829
6137	117	0.0190646895877	31	0.00505132801043	311	0.0506762261691
6097	136	0.0223060521568	30	0.00492045268165	256	0.0419878628834
6062	123	0.0202903332234	43	0.00709336852524	263	0.0433850214451
6051	90	0.0148735746158	61	0.0100809783507	256	0.0423070566848
6113	98	0.0160314084737	50	0.00817929003762	301	0.0492393260265
6135	102	0.0166259168704	44	0.00717196414018	295	0.0480847595762
6164	115	0.0186567164179	34	0.00551589876703	258	0.0418559377028
6144	100	0.0162760416667	36	0.005859375	233	0.0379231770833
6180	106	0.0171521035599	23	0.0037216828479	254	0.0411003236246
6079	104	0.0171080769863	31	0.00509952294785	277	0.0455667050502
6086	121	0.019881695695	42	0.00690108445613	262	0.0430496220835
6084	101	0.0166009204471	39	0.00641025641026	258	0.0424063116371
6126	105	0.0171400587659	24	0.00391772771792	277	0.045217107411
6158	112	0.0181877232868	20	0.00324780772978	309	0.0501786294251
6125	102	0.0166530612245	40	0.0065306122449	270	0.0440816326531
6131	102	0.0166367639863	19	0.00309900505627	281	0.045832653727
6178	113	0.0182907089673	31	0.00501780511492	266	0.0430560051797
6183	116	0.0187611191978	35	0.00566068251658	241	0.0389778424713
6129	105	0.017131669114	29	0.00473160385055	207	0.0337738619677
6100	105	0.0172131147541	30	0.00491803278689	273	0.0447540983607
6112	108	0.0176701570681	36	0.00589005235602	262	0.0428664921466
6079	87	0.014311564402	39	0.00641552886988	228	0.0375061687778
6061	94	0.0155089919155	39	0.00643458175219	257	0.0424022438541
6086	141	0.0231679263884	23	0.0037791652974	290	0.0476503450542
6147	100	0.0162680982593	50	0.00813404912966	256	0.0416463315438
6137	100	0.0162946064853	35	0.00570311226984	289	0.0470914127424
6073	76	0.0125144080356	40	0.00658653054504	266	0.0438004281245
6146	126	0.0205011389522	41	0.00667100553205	269	0.0437683045884
6106	97	0.015886013757	33	0.00540452014412	257	0.0420897477891
6069	104	0.0171362662712	50	0.00823858955347	289	0.047619047619
6098	100	0.016398819285	59	0.00967530337816	241	0.0395211544769
6154	90	0.0146246343841	38	0.00617484562886	276	0.044848878778
6089	108	0.0177369026113	26	0.00426999507308	254	0.0417145672524
6106	99	0.0162135604324	48	0.00786112020963	272	0.0445463478546
6092	117	0.0192055154301	33	0.00541694024951	258	0.0423506237689
6127	119	0.0194222294761	36	0.00587563244655	281	0.0458625754856
6078	119	0.0195788088187	49	0.00806186245475	274	0.0450806186245
6165	98	0.015896188159	50	0.0081103000811	247	0.0400648824006
6109	103	0.016860369946	31	0.005074480275	242	0.0396136847275
6121	103	0.0168273157981	33	0.0053912759353	285	0.0465610194413
6145	101	0.0164361269325	41	0.006672091131	239	0.0388934092758
6088	101	0.0165900131406	65	0.0106767411301	239	0.0392575558476
6115	138	0.0225674570728	34	0.00556009811938	268	0.0438266557645
6123	119	0.0194349175241	43	0.00702270129022	276	0.0450759431651
6125	128	0.0208979591837	34	0.00555102040816	281	0.0458775510204
6094	122	0.0200196914998	55	0.00902527075812	252	0.0413521496554
6176	107	0.0173251295337	27	0.00437176165803	293	0.0474417098446
6136	120	0.019556714472	31	0.00505215123859	253	0.0412320730117
6154	116	0.0188495287618	43	0.00698732531687	256	0.041598960026
6187	103	0.016647809924	32	0.00517213512203	271	0.0438015193147
6112	130	0.0212696335079	47	0.00768979057592	254	0.041557591623
6124	108	0.0176355323318	44	0.00718484650555	259	0.0422926192031
6115	116	0.0189697465249	56	0.00915780866721	219	0.0358135731807
6177	128	0.0207220333495	30	0.00485672656629	253	0.0409583940424
6106	91	0.0149033737308	39	0.00638716017032	252	0.0412708811006
6164	113	0.0183322517846	49	0.0079493835172	309	0.0501297858533
6104	85	0.0139252948886	33	0.00540629095675	225	0.0368610747051
6086	97	0.015938218863	49	0.00805126519882	289	0.0474860335196
6140	117	0.0190553745928	26	0.0042345276873	249	0.0405537459283
6133	84	0.0136963965433	27	0.00440241317463	295	0.0481004402413
6145	99	0.0161106590724	32	0.00520748576078	282	0.0458909682669
6095	108	0.0177194421657	44	0.00721903199344	263	0.0431501230517
6168	86	0.0139429312581	55	0.00891699092088	293	0.0475032425422
6126	86	0.0140385243226	46	0.00750897812602	251	0.0409729023833
6151	112	0.0182084213949	38	0.00617785725898	251	0.0408063729475
6103	119	0.0194986072423	40	0.0065541536949	248	0.0406357529084
6087	108	0.0177427304091	35	0.00574995892886	293	0.0481353704616
6162	110	0.0178513469653	39	0.00632911392405	273	0.0443037974684
6153	121	0.0196652039655	36	0.00585080448562	252	0.0409556313993
6204	133	0.0214377820761	34	0.00548033526757	293	0.0472275950999
6076	115	0.018926925609	42	0.00691244239631	267	0.0439433838051
6161	116	0.0188281123194	51	0.00827787696802	273	0.0443109884759
6161	126	0.0204512254504	50	0.00811556565493	259	0.0420386300925
6186	118	0.0190753313935	31	0.00501131587456	261	0.0421920465567
6087	142	0.0233284047971	29	0.00476425168392	264	0.0433711187777
6204	93	0.0149903288201	33	0.00531914893617	294	0.0473887814313
6131	72	0.011743598108	36	0.00587179905399	260	0.0424074376121
6120	95	0.015522875817	56	0.00915032679739	249	0.0406862745098
6134	131	0.0213563743071	28	0.00456472122595	252	0.0410824910336
6114	127	0.0207719986915	38	0.00621524370298	271	0.0443245011449
6084	99	0.0162721893491	32	0.00525969756739	300	0.0493096646943
6143	88	0.01432524825	57	0.00927885398014	281	0.045743122253
6119	125	0.0204281745383	39	0.00637359045596	276	0.0451054093806
6103	82	0.0134360150746	34	0.00557103064067	254	0.0416188759626
6122	102	0.0166612218229	41	0.00669715779157	273	0.0445932701731
6106	142	0.0232558139535	27	0.00442188011792	281	0.0460203078939
6133	99	0.0161421816403	43	0.00701125061145	266	0.0433719223871
6081	127	0.0208847229074	41	0.00674231211972	291	0.0478539713863
6146	92	0.0149690855841	27	0.00439310120404	266	0.0432801822323
6118	103	0.0168355671788	25	0.00408630271331	239	0.0390650539392
6149	83	0.0134981297772	32	0.00520409822735	269	0.0437469507237
6150	125	0.020325203252	39	0.00634146341463	298	0.0484552845528
6128	115	0.0187663185379	42	0.00685378590078	286	0.0466710182768
6135	142	0.0231458842706	31	0.00505297473513	270	0.0440097799511
6117	124	0.020271374857	33	0.00539480137322	265	0.0433218898153
6122	113	0.0184580202548	33	0.00539039529566	260	0.0424697811173
6136	111	0.0180899608866	35	0.00570404172099	273	0.0444915254237
6171	111	0.0179873602333	53	0.0085885593907	269	0.0435909901151
6181	105	0.0169875424689	46	0.00744216146255	246	0.0397993852127
6066	125	0.0206066600725	35	0.00576986482031	248	0.0408836135839
6126	117	0.0190989226249	31	0.00506039830232	272	0.0444009141365
6112	91	0.0148887434555	47	0.00768979057592	257	0.0420484293194
6134	109	0.0177698076296	36	0.00586892729051	271	0.0441799804369
6142	99	0.0161185281667	51	0.0083034842071	274	0.0446108759362
6148	133	0.0216330513988	32	0.00520494469746	250	0.0406636304489
6201	112	0.0180616029673	40	0.00645057248831	267	0.0430575713595
6150	119	0.0193495934959	47	0.00764227642276	264	0.0429268292683
6108	115	0.0188277668631	43	0.00703994760969	247	0.0404387688278
6121	136	0.0222185917334	40	0.00653487992158	250	0.0408429995099
6124	127	0.0207380796865	34	0.0055519268452	300	0.0489875898106
6125	89	0.0145306122449	44	0.00718367346939	254	0.0414693877551
6140	109	0.0177524429967	28	0.00456026058632	261	0.0425081433225
6116	98	0.0160235448005	30	0.00490516677567	263	0.0430019620667
6118	105	0.0171624713959	57	0.00931677018634	278	0.045439686172
6121	126	0.020584871753	32	0.00522790393727	246	0.0401895115177
6125	98	0.016	24	0.00391836734694	286	0.046693877551
6074	99	0.0162989792558	52	0.00856108001317	249	0.0409944023708
6178	117	0.0189381676918	25	0.00404661702816	273	0.0441890579476
6142	112	0.0182351025725	47	0.0076522305438	261	0.0424943015304
6104	142	0.0232634338139	56	0.00917431192661	263	0.0430865006553
6164	133	0.0215768981181	37	0.00600259571707	296	0.0480207657365
6136	121	0.0197196870926	27	0.00440026075619	286	0.0466101694915
6079	115	0.0189175851291	29	0.00477052146735	284	0.0467182102319
6134	93	0.0151613955005	33	0.0053798500163	279	0.0454841865015
6147	130	0.0211485277371	53	0.00862209207744	256	0.0416463315438
6144	125	0.0203450520833	30	0.0048828125	262	0.0426432291667
6131	133	0.0216930353939	38	0.00619801011254	280	0.0456695481977
6050	128	0.0211570247934	27	0.00446280991736	274	0.0452892561983
6118	86	0.0140568813338	42	0.00686498855835	261	0.0426610003269
6145	88	0.0143205858421	37	0.0060211554109	269	0.0437754271766
6127	84	0.0137098090419	44	0.00718132854578	272	0.0443936673739
6152	104	0.0169050715215	57	0.00926527958388	296	0.0481144343303
6123	99	0.016168544831	38	0.00620610811694	292	0.0476890413196
6134	106	0.0172807303554	43	0.007010107597	227	0.0370068470818
6088	125	0.0205321944809	26	0.00427069645204	276	0.0453350854139
6066	102	0.0168150346192	50	0.00824266402901	262	0.043191559512
6118	109	0.01781627983	33	0.00539391958156	275	0.0449493298464
6090	88	0.0144499178982	28	0.00459770114943	253	0.0415435139573
6128	135	0.0220300261097	34	0.00554830287206	266	0.043407310705
6193	112	0.0180849346036	33	0.00532859680284	229	0.0369772323591
6108	107	0.0175180091683	38	0.00622134905043	266	0.043549443353
6140	107	0.0174267100977	42	0.00684039087948	255	0.0415309446254
6169	101	0.0163721834981	54	0.00875344464257	251	0.0406873075053
6142	112	0.0182351025725	36	0.00586128296972	282	0.0459133832628
6126	108	0.0176297747307	42	0.00685602350637	263	0.0429317662422
6182	95	0.0153671950825	23	0.00372047880945	277	0.0448075056616
6161	103	0.0167180652491	46	0.00746632040253	248	0.0402532056484
6097	109	0.0178776447433	38	0.00623257339675	260	0.0426439232409
6149	94	0.0152870385429	22	0.00357781753131	257	0.0417954138884
6143	106	0.0172554126648	44	0.00716262412502	262	0.0426501709263
6167	96	0.0155667261229	44	0.007134749473	264	0.042808496838
6118	92	0.015037593985	28	0.0045766590389	249	0.0406995750245
6107	89	0.0145734403144	31	0.00507614213198	304	0.0497789421975
6145	131	0.0213181448332	38	0.00618388934093	296	0.0481692432872
6129	118	0.0192527329091	33	0.00538423886442	252	0.0411160058737
6120	94	0.0153594771242	34	0.00555555555556	261	0.0426470588235
6146	106	0.0172469899121	45	0.00732183534006	279	0.0453953791084
6144	122	0.0198567708333	53	0.00862630208333	287	0.0467122395833
6111	122	0.0199639993454	27	0.00441826215022	276	0.0451644575356
6105	146	0.0239148239148	60	0.00982800982801	278	0.0455364455364
6208	111	0.0178801546392	21	0.00338273195876	271	0.0436533505155
6134	116	0.0189109879361	37	0.00603195304858	256	0.0417345940659
6066	121	0.0199472469502	30	0.00494559841741	269	0.0443455324761
6082	113	0.0185794146662	55	0.00904307793489	251	0.0412693193029
6082	91	0.0149621834923	42	0.00690562315028	270	0.0443932916804
6146	96	0.0156199153921	44	0.00715912788806	264	0.0429547673283
6080	122	0.0200657894737	39	0.00641447368421	251	0.0412828947368
6153	97	0.0157646676418	57	0.00926377376889	290	0.0471314805786
6102	106	0.0173713536545	41	0.00671910848902	257	0.0421173385775
6186	95	0.0153572583253	36	0.00581959262852	253	0.0408988037504
6080	103	0.0169407894737	34	0.00559210526316	278	0.0457236842105
6073	110	0.0181129589988	39	0.00642186728141	275	0.0452823974971
6171	120	0.0194457948469	46	0.00745422135796	275	0.0445632798574
6125	101	0.0164897959184	20	0.00326530612245	245	0.04
6139	117	0.0190584785796	32	0.005212575338	262	0.0426779605799
6138	74	0.0120560443141	44	0.00716845878136	274	0.0446399478658
6135	132	0.0215158924205	39	0.00635696821516	253	0.041238793806
6133	119	0.0194032284363	48	0.00782651231045	264	0.0430458177075
6083	126	0.0207134637514	30	0.00493177708368	262	0.0430708531974
6134	120	0.0195630909684	25	0.00407564395174	264	0.0430388001304
6079	112	0.0184240829084	51	0.00838953775292	271	0.0445797006087
6166	106	0.0171910476808	38	0.00616282841388	264	0.042815439507
6079	99	0.0162855732851	26	0.00427701924659	239	0.0393156769205
6200	118	0.0190322580645	48	0.00774193548387	287	0.0462903225806
6161	91	0.014770329492	41	0.00665476383704	274	0.044473299789
6213	122	0.0196362465798	38	0.00611620795107	266	0.0428134556575
6096	105	0.0172244094488	38	0.00623359580052	272	0.0446194225722
6115	103	0.0168438266558	37	0.00605069501226	285	0.0466067048242
6144	93	0.01513671875	43	0.00699869791667	282	0.0458984375
6129	109	0.0177843041279	54	0.00881057268722	266	0.0434002284223
6126	85	0.0138752856676	56	0.00914136467516	246	0.0401567091087
6146	97	0.0157826228441	29	0.00471851610804	270	0.0439310120404
6094	121	0.0198555956679	29	0.00475877912701	283	0.0464391204463
6163	91	0.0147655362648	41	0.00665260425118	253	0.041051435989
6123	99	0.016168544831	53	0.00865588763678	291	0.047525722685
6069	127	0.0209260174658	44	0.00724995880705	270	0.0444883835887
6097	79	0.0129571920617	23	0.00377234705593	275	0.0451041495818
6136	130	0.021186440678	53	0.00863754889179	254	0.0413950456323
6152	123	0.0199934980494	50	0.00812743823147	261	0.0424252275683
6085	91	0.0149548069022	27	0.00443714050945	243	0.039934264585
6108	118	0.0193189259987	21	0.00343811394892	271	0.0443680419122
6133	100	0.0163052339801	22	0.00358715147562	263	0.0428827653677
6059	104	0.0171645486054	53	0.00874731803928	276	0.0455520712989
6198	99	0.0159728944821	45	0.00726040658277	272	0.0438851242336
6117	128	0.0209252901749	41	0.00670263200915	268	0.0438123263037
6150	90	0.0146341463415	31	0.0050406504065	265	0.0430894308943
6116	116	0.0189666448659	37	0.00604970568999	258	0.0421844342708
6158	113	0.0183501136733	23	0.00373497888925	284	0.0461188697629
6170	117	0.0189627228525	39	0.0063209076175	289	0.0468395461912
6189	106	0.0171271610923	45	0.00727096461464	247	0.0399095168848
6116	117	0.0191301504251	38	0.00621321124918	272	0.0444735120994
6096	121	0.0198490813648	35	0.00574146981627	248	0.0406824146982
6136	109	0.0177640156454	26	0.00423728813559	286	0.0466101694915
6153	123	0.0199902486592	31	0.0050381927515	261	0.0424183325207
6139	101	0.0164521909106	56	0.00912200684151	251	0.0408861378075
6077	125	0.0205693598815	24	0.00394931709725	252	0.0414678295211
6178	101	0.0163483327938	21	0.00339915830366	285	0.0461314341211
6094	126	0.0206760748277	31	0.00508697079094	244	0.0400393829997
6139	98	0.0159635119726	35	0.00570125427594	259	0.042189281642
6140	111	0.0180781758958	34	0.00553745928339	231	0.0376221498371
6139	98	0.0159635119726	35	0.00570125427594	273	0.0444697833523
6072	111	0.0182806324111	66	0.0108695652174	269	0.04430171278
6121	102	0.0166639438	28	0.00457441594511	257	0.0419866034962
6147	113	0.018382951033	23	0.00374166259964	280	0.0455506751261
6160	132	0.0214285714286	45	0.00730519480519	268	0.0435064935065
6087	103	0.0169213077049	20	0.00328569081649	278	0.0456711023493
6110	106	0.017348608838	33	0.00540098199673	279	0.0456628477905
6114	106	0.0173372587504	32	0.00523388943409	248	0.0405626431142
6067	114	0.0187901763639	24	0.00395582660293	274	0.0451623537168
6112	102	0.0166884816754	38	0.00621727748691	269	0.0440117801047
6068	97	0.0159854976928	36	0.00593276203032	247	0.0407053394858
6161	116	0.0188281123194	32	0.00519396201915	257	0.0417140074663
6082	105	0.0172640578757	26	0.00427490956922	268	0.0440644524827
6104	75	0.0122870249017	29	0.00475098296199	278	0.0455439056356
6133	102	0.0166313386597	21	0.00342409913582	277	0.0451654981249
6147	97	0.0157800553115	45	0.00732064421669	252	0.0409956076135
6126	136	0.0222004570682	33	0.00538687561214	256	0.0417890956579
6203	96	0.0154763823956	33	0.00532000644849	277	0.044655811704
6122	103	0.0168245671349	45	0.00735053903953	286	0.046716759229
6106	86	0.0140845070423	34	0.00556829348182	255	0.0417622011137
6133	90	0.0146747105821	32	0.00521767487363	243	0.0396217185717
6158	98	0.0159142578759	68	0.0110425462813	271	0.0440077947386
6118	101	0.0165086629618	27	0.00441320693037	270	0.0441320693037
6121	74	0.0120895278549	39	0.00637150792354	269	0.0439470674726
6137	105	0.0171093368095	37	0.00602900439954	253	0.0412253544077
6153	102	0.0165772793759	27	0.00438810336421	248	0.040305542012
6131	95	0.0154950252814	34	0.00554558799543	272	0.0443647039635
6143	148	0.024092462966	43	0.00699983721309	253	0.0411850887189
6117	121	0.0197809383685	55	0.00899133562204	247	0.0403792708844
6198	88	0.0141981284285	32	0.00516295579219	274	0.0442078089706
6143	116	0.0188832817841	33	0.00537196809377	236	0.038417711216
6159	114	0.0185094982952	38	0.00616983276506	265	0.0430264653353
6124	122	0.0199216198563	51	0.0083278902678	253	0.0413128674069
6113	136	0.0222476689023	41	0.00670701783085	272	0.0444953378047
6086	107	0.0175813342097	41	0.00673677292146	269	0.0441998028262
6092	113	0.018548916612	51	0.00837163493106	252	0.0413657255417
6124	106	0.0173089483997	58	0.00947093403005	273	0.0445787067276
6126	106	0.0173032974208	41	0.00669278485145	295	0.0481554031995
6110	110	0.0180032733224	32	0.00523731587561	267	0.0436988543372
6122	81	0.0132309702712	51	0.00833061091147	270	0.0441032342372
6149	109	0.0177264595869	41	0.0066677508538	257	0.0417954138884
6148	100	0.0162654521796	50	0.00813272608979	246	0.0400130123617
6159	94	0.0152622178925	34	0.00552037668453	277	0.0449748335769
6100	94	0.0154098360656	47	0.00770491803279	272	0.0445901639344
6124	109	0.0177988242978	38	0.00620509470934	274	0.0447419986937
6153	92	0.0149520559077	38	0.00617584917926	257	0.0417682431334
6129	141	0.0230053842389	53	0.00864741393376	273	0.0445423396965
6134	93	0.0151613955005	35	0.00570590153244	260	0.0423866970981
6148	82	0.0133376707872	25	0.00406636304489	279	0.045380611581
6107	144	0.0235794989356	43	0.00704110037662	271	0.0443753070247
6150	114	0.0185365853659	57	0.00926829268293	276	0.0448780487805
6098	103	0.0168907838636	34	0.0055755985569	238	0.0390291898983
6108	109	0.017845448592	38	0.00622134905043	239	0.0391290111329
6119	109	0.0178133681974	34	0.00555646347442	246	0.0402026474914
6101	117	0.0191771840682	46	0.00753974758236	264	0.0432715948205
6165	90	0.014598540146	33	0.00535279805353	252	0.0408759124088
6142	113	0.0183979159883	43	0.00700097688049	313	0.0509605991534
6092	137	0.0224885095207	53	0.00869993434012	266	0.0436638214051
6159	98	0.015911673973	38	0.00616983276506	275	0.0446501055366
6143	125	0.0203483639915	35	0.00569754191763	269	0.0437896793098
6070	103	0.0169686985173	39	0.00642504118616	233	0.0383855024712
6144	124	0.0201822916667	25	0.00406901041667	262	0.0426432291667
6149	113	0.0183769718653	33	0.00536672629696	280	0.0455358594893
6126	105	0.0171400587659	33	0.00538687561214	291	0.0475024485798
6143	128	0.0208367247273	41	0.00667426338922	266	0.043301318574
6109	97	0.0158782124734	27	0.00441970862662	253	0.0414143067605
6145	103	0.0167615947925	31	0.00504475183076	265	0.0431244914565
6133	113	0.0184249143975	33	0.00538072721344	296	0.0482634925811
6126	121	0.0197518772445	30	0.0048971596474	279	0.0455435847209
6123	141	0.0230279274865	37	0.00604278948228	245	0.0400130654908
6155	119	0.0193338748985	57	0.00926076360682	248	0.0402924451665
6205	102	0.0164383561644	13	0.00209508460919	262	0.0422240128928
6114	122	0.0199542034675	51	0.00834151128557	266	0.0435067059208
6146	134	0.0218027985682	46	0.00748454279206	303	0.0493003579564
6181	91	0.0147225368063	37	0.00598608639379	276	0.0446529687753
6064	112	0.0184696569921	32	0.00527704485488	252	0.0415567282322
6139	95	0.0154748330347	40	0.0065157191725	255	0.0415377097247
6097	102	0.0167295391176	61	0.0100049204527	272	0.0446121043136
6130	100	0.0163132137031	32	0.00522022838499	247	0.0402936378467
6143	97	0.0157903304574	30	0.00488360735797	263	0.0428129578382
6171	117	0.0189596499757	21	0.0034030140982	290	0.0469940042133
6116	119	0.0194571615435	36	0.0058862001308	260	0.0425114453891
6131	109	0.0177785026912	58	0.00946012069809	279	0.0455064426684
6105	123	0.0201474201474	19	0.0031122031122	257	0.0420966420966
6160	89	0.0144480519481	60	0.00974025974026	290	0.0470779220779
6066	70	0.0115397296406	35	0.00576986482031	260	0.0428618529509
6102	108	0.0176991150442	21	0.00344149459194	280	0.0458865945592
6128	86	0.0140339425587	34	0.00554830287206	255	0.0416122715405
6086	107	0.0175813342097	51	0.00837988826816	240	0.0394347683207
6135	120	0.0195599022005	46	0.00749796251019	255	0.041564792176
6169	105	0.017020586805	25	0.00405252066786	257	0.0416599124656
6157	103	0.0167289264252	65	0.0105570894916	254	0.0412538573981
6149	104	0.0169133192389	27	0.00439095787933	278	0.0452106033501
6140	125	0.0203583061889	42	0.00684039087948	232	0.0377850162866
6128	112	0.0182767624021	21	0.00342689295039	268	0.0437336814621
6104	94	0.0153997378768	75	0.0122870249017	262	0.0429226736566
6116	94	0.0153695225638	45	0.00735775016351	262	0.0428384565075
6179	120	0.019420618223	64	0.0103576630523	287	0.04644764525
6145	102	0.0165988608625	43	0.00699755899105	271	0.0441008950366
6161	139	0.0225612725207	48	0.00779094302873	230	0.0373316020127
6104	97	0.0158912188729	34	0.00557011795544	299	0.0489842726081
6126	109	0.0177930133856	64	0.0104472739145	268	0.0437479595168
6133	120	0.0195662807761	34	0.00554377955324	288	0.0469590738627
6164	107	0.0173588578845	39	0.00632706035042	261	0.0423426346528
6148	131	0.0213077423552	41	0.00666883539362	231	0.0375731945348
6146	143	0.0232671656362	51	0.00829808005207	287	0.0466970387244
